step	sample	wall_seconds	max_rss_mb	cpu_seconds
align_permissive	LBG002.A	35.6	NA	NA
align_permissive	LP31b	7.8	NA	NA
align_permissive	LVC001.C	100.0	NA	NA
align_permissive	LVC005.A	43.2	NA	NA
align_permissive	MOD1953	141.6	NA	NA
align_permissive	Motala1	37.6	NA	NA
align_permissive	TRP002.A	229.4	NA	NA
align_strict	LBG002.A	5.2	NA	NA
align_strict	LP31b	1.4	NA	NA
align_strict	LVC001.C	15.2	NA	NA
align_strict	LVC005.A	5.3	NA	NA
align_strict	MOD1953	13.8	NA	NA
align_strict	Motala1	40.2	NA	NA
align_strict	TRP002.A	30.3	NA	NA
authenticate	LBG002.A	4.6	NA	NA
authenticate	LP31b	0.6	NA	NA
authenticate	LVC001.C	6.9	NA	NA
authenticate	LVC005.A	3.5	NA	NA
authenticate	MOD1953	34.0	NA	NA
authenticate	Motala1	14.0	NA	NA
authenticate	TRP002.A	22.8	NA	NA
damage	LBG002.A	5.5	NA	NA
damage	LP31b	0.4	NA	NA
damage	LVC001.C	5.0	NA	NA
damage	LVC005.A	3.6	NA	NA
damage	MOD1953	39.6	NA	NA
damage	Motala1	6.7	NA	NA
damage	TRP002.A	25.8	NA	NA
lengths	LBG002.A	0.8	NA	NA
lengths	LP31b	0.3	NA	NA
lengths	LVC001.C	2.5	NA	NA
lengths	LVC005.A	0.9	NA	NA
lengths	MOD1953	1.0	NA	NA
lengths	Motala1	5.7	NA	NA
lengths	TRP002.A	4.5	NA	NA
reference_bias	LBG002.A	9.4	NA	NA
reference_bias	LP31b	0.7	NA	NA
reference_bias	LVC001.C	9.7	NA	NA
reference_bias	LVC005.A	6.2	NA	NA
reference_bias	MOD1953	71.4	NA	NA
reference_bias	Motala1	13.8	NA	NA
reference_bias	TRP002.A	45.4	NA	NA
trim	LBG002.A	0.8	NA	NA
trim	LP31b	0.7	NA	NA
trim	LVC001.C	3.5	NA	NA
trim	LVC005.A	1.1	NA	NA
trim	MOD1953	3.9	NA	NA
trim	Motala1	7.1	NA	NA
trim	TRP002.A	5.0	NA	NA
