end	position	depth	A>C	A>G	A>T	C>A	C>G	C>T	G>A	G>C	G>T	T>A	T>C	T>G
5p	1	1312882	0.002061	0.004547	0.001541	0.001189	0.001563	0.192364	0.001114	0.001655	0.003692	0.001339	0.003522	0.001857
5p	2	1312882	0.001903	0.003996	0.001309	0.001259	0.001711	0.002438	0.001245	0.001509	0.001336	0.001017	0.003066	0.001271
5p	3	1312882	0.001703	0.003891	0.001045	0.001123	0.001123	0.001463	0.001126	0.001578	0.001129	0.000752	0.003284	0.000955
5p	4	1312882	0.001171	0.002057	0.000732	0.001035	0.000648	0.001319	0.001087	0.000798	0.000865	0.000836	0.002827	0.000817
5p	5	1312882	0.000889	0.001888	0.000445	0.000582	0.000601	0.001179	0.000603	0.000693	0.000852	0.000479	0.002355	0.000683
5p	6	1312882	0.001126	0.002302	0.000434	0.000899	0.000753	0.000893	0.000964	0.000993	0.000771	0.000612	0.002486	0.000730
5p	7	1312882	0.000665	0.001343	0.000305	0.000435	0.000476	0.000849	0.000747	0.000467	0.000744	0.000400	0.001909	0.000563
5p	8	1312882	0.001098	0.002015	0.000304	0.000803	0.000549	0.000869	0.000806	0.000665	0.000726	0.000557	0.002047	0.000665
5p	9	1312882	0.000779	0.001932	0.000267	0.000496	0.000390	0.000834	0.000702	0.000506	0.000360	0.000425	0.002290	0.000814
5p	10	1312882	0.000635	0.001443	0.000165	0.000586	0.000351	0.000760	0.000524	0.000467	0.000331	0.000321	0.001766	0.000393
5p	11	1312881	0.000518	0.001347	0.000164	0.000343	0.000313	0.000650	0.000556	0.000282	0.000387	0.000159	0.001353	0.000388
5p	12	1312881	0.000787	0.001670	0.000274	0.000573	0.000463	0.000792	0.000949	0.000631	0.000462	0.000430	0.001972	0.000584
5p	13	1312881	0.000332	0.001285	0.000168	0.000344	0.000257	0.000666	0.000622	0.000195	0.000357	0.000155	0.001183	0.000230
5p	14	1312881	0.000429	0.001323	0.000100	0.000274	0.000308	0.000581	0.000507	0.000208	0.000504	0.000154	0.001297	0.000358
5p	15	1312880	0.000703	0.001571	0.000195	0.000594	0.000371	0.000536	0.000700	0.000515	0.000481	0.000399	0.001521	0.000662
5p	16	1312879	0.000512	0.001111	0.000213	0.000361	0.000251	0.000492	0.000509	0.000279	0.000300	0.000261	0.001009	0.000317
5p	17	1312877	0.000684	0.001202	0.000223	0.000490	0.000307	0.000602	0.000577	0.000464	0.000434	0.000369	0.001298	0.000459
5p	18	1312873	0.000503	0.001367	0.000293	0.000327	0.000279	0.000454	0.000448	0.000268	0.000271	0.000257	0.001228	0.000433
5p	19	1312869	0.000256	0.001118	0.000225	0.000236	0.000145	0.000496	0.000437	0.000193	0.000333	0.000240	0.001223	0.000293
5p	20	1312859	0.000475	0.001159	0.000203	0.000329	0.000169	0.000534	0.000381	0.000330	0.000250	0.000287	0.001243	0.000529
5p	21	1312848	0.000537	0.001619	0.000315	0.000348	0.000255	0.000396	0.000369	0.000267	0.000255	0.000283	0.001632	0.000476
5p	22	1312835	0.000542	0.001219	0.000276	0.000443	0.000262	0.000458	0.000498	0.000341	0.000406	0.000322	0.001561	0.000476
5p	23	1312806	0.000384	0.001361	0.000336	0.000425	0.000251	0.000456	0.000437	0.000332	0.000395	0.000331	0.001290	0.000460
5p	24	1312742	0.000355	0.002048	0.000243	0.000463	0.000357	0.000580	0.000478	0.000226	0.000299	0.000444	0.001641	0.000459
5p	25	1312554	0.000411	0.001116	0.000235	0.000415	0.000272	0.000412	0.000394	0.000157	0.000301	0.000245	0.001167	0.000340
3p	1	1312882	0.002361	0.004687	0.001867	0.004321	0.001980	0.001293	0.181721	0.002231	0.001541	0.003046	0.005426	0.002570
3p	2	1312882	0.001513	0.003621	0.000909	0.001603	0.001529	0.001171	0.003813	0.002029	0.001304	0.001908	0.004404	0.001998
3p	3	1312882	0.001068	0.003654	0.000522	0.001646	0.001422	0.000881	0.001783	0.001121	0.001031	0.001206	0.004317	0.001787
3p	4	1312882	0.000966	0.002631	0.000603	0.001112	0.000807	0.000813	0.001357	0.000907	0.000958	0.000745	0.002094	0.001215
3p	5	1312882	0.000699	0.002433	0.000410	0.000961	0.000714	0.000595	0.001413	0.001128	0.000784	0.000780	0.002340	0.000968
3p	6	1312882	0.000989	0.002671	0.000432	0.000954	0.000758	0.000846	0.001053	0.000787	0.000598	0.000516	0.002544	0.000942
3p	7	1312882	0.000519	0.001823	0.000319	0.000744	0.000389	0.000605	0.001072	0.000702	0.000524	0.000404	0.001658	0.000674
3p	8	1312882	0.000689	0.002071	0.000292	0.000682	0.000466	0.000556	0.001133	0.000413	0.000382	0.000263	0.001804	0.000573
3p	9	1312882	0.000755	0.002114	0.000299	0.000514	0.000517	0.000597	0.001042	0.000436	0.000381	0.000264	0.002219	0.000677
3p	10	1312882	0.000499	0.001474	0.000178	0.000563	0.000304	0.000423	0.000792	0.000429	0.000378	0.000299	0.001307	0.000427
3p	11	1312881	0.000524	0.001457	0.000195	0.000524	0.000265	0.000418	0.000878	0.000371	0.000425	0.000162	0.001530	0.000581
3p	12	1312881	0.000521	0.001915	0.000156	0.000464	0.000392	0.000588	0.000748	0.000424	0.000313	0.000255	0.001886	0.000722
3p	13	1312881	0.000340	0.001393	0.000172	0.000474	0.000276	0.000582	0.000716	0.000421	0.000323	0.000292	0.001313	0.000439
3p	14	1312881	0.000452	0.001448	0.000167	0.000507	0.000248	0.000397	0.000737	0.000292	0.000329	0.000304	0.001664	0.000437
3p	15	1312880	0.000620	0.001292	0.000274	0.000484	0.000339	0.000428	0.000609	0.000570	0.000252	0.000282	0.001540	0.000446
3p	16	1312879	0.000281	0.001118	0.000231	0.000364	0.000294	0.000385	0.000443	0.000255	0.000343	0.000235	0.001097	0.000419
3p	17	1312877	0.000467	0.001166	0.000196	0.000339	0.000261	0.000427	0.000525	0.000273	0.000288	0.000268	0.001447	0.000633
3p	18	1312873	0.000731	0.001655	0.000180	0.000388	0.000309	0.000412	0.000528	0.000224	0.000355	0.000292	0.001539	0.000452
3p	19	1312869	0.000415	0.001309	0.000299	0.000397	0.000237	0.000454	0.000443	0.000217	0.000290	0.000294	0.001067	0.000377
3p	20	1312859	0.000548	0.001398	0.000252	0.000291	0.000363	0.000351	0.000564	0.000243	0.000387	0.000209	0.001167	0.000502
3p	21	1312848	0.000443	0.001580	0.000243	0.000456	0.000335	0.000413	0.000524	0.000244	0.000244	0.000441	0.001618	0.000533
3p	22	1312835	0.000598	0.001399	0.000324	0.000394	0.000188	0.000364	0.000410	0.000276	0.000364	0.000357	0.001165	0.000360
3p	23	1312806	0.000420	0.001386	0.000279	0.000318	0.000321	0.000536	0.000652	0.000331	0.000400	0.000374	0.001241	0.000328
3p	24	1312742	0.000490	0.001501	0.000286	0.000389	0.000291	0.000392	0.000588	0.000393	0.000390	0.000293	0.001813	0.000534
3p	25	1312554	0.000465	0.001088	0.000234	0.000534	0.000285	0.000619	0.000584	0.000330	0.000515	0.000386	0.001057	0.000473
