length	count
25	88
26	84
27	88
28	102
29	86
30	99
31	99
32	115
33	104
34	98
35	101
36	67
37	92
38	75
39	93
40	112
41	87
42	116
43	105
44	108
45	110
46	88
47	114
48	73
49	68
50	82
51	85
52	80
53	63
54	74
55	56
56	74
57	75
58	77
59	45
60	48
61	49
62	70
63	30
64	53
65	52
66	30
67	47
68	45
69	55
70	45
71	44
72	42
73	35
74	31
75	16
76	32
77	24
78	26
79	40
80	28
81	28
82	32
83	10
84	27
85	43
86	5
87	20
88	37
89	27
90	25
91	21
92	9
93	30
94	25
95	8
96	24
97	18
98	9
99	12
100	4
101	12
102	10
103	8
104	8
105	10
106	9
107	11
108	5
109	4
110	6
111	16
112	5
113	7
114	4
115	1
116	4
117	8
118	5
119	2
120	10
121	27
122	3
123	10
124	8
125	5
126	5
127	2
128	5
129	13
130	5
131	6
133	2
134	5
135	1
137	1
140	16
141	2
142	3
143	3
144	2
148	5
149	4
